artigo,pergunta,opcoes,resposta,dificuldade,comentario
Art. 1,"(Banca Simulada) De acordo com o Art. 1 da CF/88, é correto afirmar que:",A) O texto é literal | B) Existe exceção não prevista | C) É norma de eficácia limitada | D) Nenhuma das anteriores,A,Média,A questão exige conhecimento da literalidade do Art. 1.
Art. 1,"(Banca Simulada) Sobre a aplicação do Art. 1, assinale a alternativa INCORRETA:",A) Aplica-se a todos | B) Possui restrições legais | C) É cláusula pétrea | D) Pode ser alterado por lei ordinária,D,Difícil,Artigos fundamentais da CF geralmente exigem quórum de Emenda ou são imutáveis.
Art. 2,"(Banca Simulada) De acordo com o Art. 2 da CF/88, é correto afirmar que:",A) O texto é literal | B) Existe exceção não prevista | C) É norma de eficácia limitada | D) Nenhuma das anteriores,A,Média,A questão exige conhecimento da literalidade do Art. 2.
Art. 2,"(Banca Simulada) Sobre a aplicação do Art. 2, assinale a alternativa INCORRETA:",A) Aplica-se a todos | B) Possui restrições legais | C) É cláusula pétrea | D) Pode ser alterado por lei ordinária,D,Difícil,Artigos fundamentais da CF geralmente exigem quórum de Emenda ou são imutáveis.
Art. 3,"(Banca Simulada) De acordo com o Art. 3 da CF/88, é correto afirmar que:",A) O texto é literal | B) Existe exceção não prevista | C) É norma de eficácia limitada | D) Nenhuma das anteriores,A,Média,A questão exige conhecimento da literalidade do Art. 3.
Art. 3,"(Banca Simulada) Sobre a aplicação do Art. 3, assinale a alternativa INCORRETA:",A) Aplica-se a todos | B) Possui restrições legais | C) É cláusula pétrea | D) Pode ser alterado por lei ordinária,D,Difícil,Artigos fundamentais da CF geralmente exigem quórum de Emenda ou são imutáveis.
Art. 4,"(Banca Simulada) De acordo com o Art. 4 da CF/88, é correto afirmar que:",A) O texto é literal | B) Existe exceção não prevista | C) É norma de eficácia limitada | D) Nenhuma das anteriores,A,Média,A questão exige conhecimento da literalidade do Art. 4.
Art. 4,"(Banca Simulada) Sobre a aplicação do Art. 4, assinale a alternativa INCORRETA:",A) Aplica-se a todos | B) Possui restrições legais | C) É cláusula pétrea | D) Pode ser alterado por lei ordinária,D,Difícil,Artigos fundamentais da CF geralmente exigem quórum de Emenda ou são imutáveis.
Art. 5,"(Banca Simulada) De acordo com o Art. 5 da CF/88, é correto afirmar que:",A) O texto é literal | B) Existe exceção não prevista | C) É norma de eficácia limitada | D) Nenhuma das anteriores,A,Média,A questão exige conhecimento da literalidade do Art. 5.
Art. 5,"(Banca Simulada) Sobre a aplicação do Art. 5, assinale a alternativa INCORRETA:",A) Aplica-se a todos | B) Possui restrições legais | C) É cláusula pétrea | D) Pode ser alterado por lei ordinária,D,Difícil,Artigos fundamentais da CF geralmente exigem quórum de Emenda ou são imutáveis.
Art. 6,"(Banca Simulada) De acordo com o Art. 6 da CF/88, é correto afirmar que:",A) O texto é literal | B) Existe exceção não prevista | C) É norma de eficácia limitada | D) Nenhuma das anteriores,A,Média,A questão exige conhecimento da literalidade do Art. 6.
Art. 6,"(Banca Simulada) Sobre a aplicação do Art. 6, assinale a alternativa INCORRETA:",A) Aplica-se a todos | B) Possui restrições legais | C) É cláusula pétrea | D) Pode ser alterado por lei ordinária,D,Difícil,Artigos fundamentais da CF geralmente exigem quórum de Emenda ou são imutáveis.
Art. 7,"(Banca Simulada) De acordo com o Art. 7 da CF/88, é correto afirmar que:",A) O texto é literal | B) Existe exceção não prevista | C) É norma de eficácia limitada | D) Nenhuma das anteriores,A,Média,A questão exige conhecimento da literalidade do Art. 7.
Art. 7,"(Banca Simulada) Sobre a aplicação do Art. 7, assinale a alternativa INCORRETA:",A) Aplica-se a todos | B) Possui restrições legais | C) É cláusula pétrea | D) Pode ser alterado por lei ordinária,D,Difícil,Artigos fundamentais da CF geralmente exigem quórum de Emenda ou são imutáveis.
Art. 8,O Art. 8 da Constituição Federal trata de qual tema?,A) Tema específico do Título | B) Direitos Humanos | C) Ordem Econômica | D) Disposições Finais,A,Fácil,O Art. 8 está inserido no contexto de sua respectiva seção.
Art. 9,O Art. 9 da Constituição Federal trata de qual tema?,A) Tema específico do Título | B) Direitos Humanos | C) Ordem Econômica | D) Disposições Finais,A,Fácil,O Art. 9 está inserido no contexto de sua respectiva seção.
Art. 10,O Art. 10 da Constituição Federal trata de qual tema?,A) Tema específico do Título | B) Direitos Humanos | C) Ordem Econômica | D) Disposições Finais,A,Fácil,O Art. 10 está inserido no contexto de sua respectiva seção.
Art. 11,O Art. 11 da Constituição Federal trata de qual tema?,A) Tema específico do Título | B) Direitos Humanos | C) Ordem Econômica | D) Disposições Finais,A,Fácil,O Art. 11 está inserido no contexto de sua respectiva seção.
Art. 12,"(Banca Simulada) De acordo com o Art. 12 da CF/88, é correto afirmar que:",A) O texto é literal | B) Existe exceção não prevista | C) É norma de eficácia limitada | D) Nenhuma das anteriores,A,Média,A questão exige conhecimento da literalidade do Art. 12.
Art. 12,"(Banca Simulada) Sobre a aplicação do Art. 12, assinale a alternativa INCORRETA:",A) Aplica-se a todos | B) Possui restrições legais | C) É cláusula pétrea | D) Pode ser alterado por lei ordinária,D,Difícil,Artigos fundamentais da CF geralmente exigem quórum de Emenda ou são imutáveis.
Art. 13,O Art. 13 da Constituição Federal trata de qual tema?,A) Tema específico do Título | B) Direitos Humanos | C) Ordem Econômica | D) Disposições Finais,A,Fácil,O Art. 13 está inserido no contexto de sua respectiva seção.
Art. 14,"(Banca Simulada) De acordo com o Art. 14 da CF/88, é correto afirmar que:",A) O texto é literal | B) Existe exceção não prevista | C) É norma de eficácia limitada | D) Nenhuma das anteriores,A,Média,A questão exige conhecimento da literalidade do Art. 14.
Art. 14,"(Banca Simulada) Sobre a aplicação do Art. 14, assinale a alternativa INCORRETA:",A) Aplica-se a todos | B) Possui restrições legais | C) É cláusula pétrea | D) Pode ser alterado por lei ordinária,D,Difícil,Artigos fundamentais da CF geralmente exigem quórum de Emenda ou são imutáveis.
Art. 15,O Art. 15 da Constituição Federal trata de qual tema?,A) Tema específico do Título | B) Direitos Humanos | C) Ordem Econômica | D) Disposições Finais,A,Fácil,O Art. 15 está inserido no contexto de sua respectiva seção.
Art. 16,O Art. 16 da Constituição Federal trata de qual tema?,A) Tema específico do Título | B) Direitos Humanos | C) Ordem Econômica | D) Disposições Finais,A,Fácil,O Art. 16 está inserido no contexto de sua respectiva seção.
Art. 17,O Art. 17 da Constituição Federal trata de qual tema?,A) Tema específico do Título | B) Direitos Humanos | C) Ordem Econômica | D) Disposições Finais,A,Fácil,O Art. 17 está inserido no contexto de sua respectiva seção.
Art. 18,"(Banca Simulada) De acordo com o Art. 18 da CF/88, é correto afirmar que:",A) O texto é literal | B) Existe exceção não prevista | C) É norma de eficácia limitada | D) Nenhuma das anteriores,A,Média,A questão exige conhecimento da literalidade do Art. 18.
Art. 18,"(Banca Simulada) Sobre a aplicação do Art. 18, assinale a alternativa INCORRETA:",A) Aplica-se a todos | B) Possui restrições legais | C) É cláusula pétrea | D) Pode ser alterado por lei ordinária,D,Difícil,Artigos fundamentais da CF geralmente exigem quórum de Emenda ou são imutáveis.
Art. 19,O Art. 19 da Constituição Federal trata de qual tema?,A) Tema específico do Título | B) Direitos Humanos | C) Ordem Econômica | D) Disposições Finais,A,Fácil,O Art. 19 está inserido no contexto de sua respectiva seção.
Art. 20,O Art. 20 da Constituição Federal trata de qual tema?,A) Tema específico do Título | B) Direitos Humanos | C) Ordem Econômica | D) Disposições Finais,A,Fácil,O Art. 20 está inserido no contexto de sua respectiva seção.
Art. 21,"(Banca Simulada) De acordo com o Art. 21 da CF/88, é correto afirmar que:",A) O texto é literal | B) Existe exceção não prevista | C) É norma de eficácia limitada | D) Nenhuma das anteriores,A,Média,A questão exige conhecimento da literalidade do Art. 21.
Art. 21,"(Banca Simulada) Sobre a aplicação do Art. 21, assinale a alternativa INCORRETA:",A) Aplica-se a todos | B) Possui restrições legais | C) É cláusula pétrea | D) Pode ser alterado por lei ordinária,D,Difícil,Artigos fundamentais da CF geralmente exigem quórum de Emenda ou são imutáveis.
Art. 22,O Art. 22 da Constituição Federal trata de qual tema?,A) Tema específico do Título | B) Direitos Humanos | C) Ordem Econômica | D) Disposições Finais,A,Fácil,O Art. 22 está inserido no contexto de sua respectiva seção.
Art. 23,O Art. 23 da Constituição Federal trata de qual tema?,A) Tema específico do Título | B) Direitos Humanos | C) Ordem Econômica | D) Disposições Finais,A,Fácil,O Art. 23 está inserido no contexto de sua respectiva seção.
Art. 24,O Art. 24 da Constituição Federal trata de qual tema?,A) Tema específico do Título | B) Direitos Humanos | C) Ordem Econômica | D) Disposições Finais,A,Fácil,O Art. 24 está inserido no contexto de sua respectiva seção.
Art. 25,O Art. 25 da Constituição Federal trata de qual tema?,A) Tema específico do Título | B) Direitos Humanos | C) Ordem Econômica | D) Disposições Finais,A,Fácil,O Art. 25 está inserido no contexto de sua respectiva seção.
Art. 26,O Art. 26 da Constituição Federal trata de qual tema?,A) Tema específico do Título | B) Direitos Humanos | C) Ordem Econômica | D) Disposições Finais,A,Fácil,O Art. 26 está inserido no contexto de sua respectiva seção.
Art. 27,O Art. 27 da Constituição Federal trata de qual tema?,A) Tema específico do Título | B) Direitos Humanos | C) Ordem Econômica | D) Disposições Finais,A,Fácil,O Art. 27 está inserido no contexto de sua respectiva seção.
Art. 28,O Art. 28 da Constituição Federal trata de qual tema?,A) Tema específico do Título | B) Direitos Humanos | C) Ordem Econômica | D) Disposições Finais,A,Fácil,O Art. 28 está inserido no contexto de sua respectiva seção.
Art. 29,O Art. 29 da Constituição Federal trata de qual tema?,A) Tema específico do Título | B) Direitos Humanos | C) Ordem Econômica | D) Disposições Finais,A,Fácil,O Art. 29 está inserido no contexto de sua respectiva seção.
Art. 30,O Art. 30 da Constituição Federal trata de qual tema?,A) Tema específico do Título | B) Direitos Humanos | C) Ordem Econômica | D) Disposições Finais,A,Fácil,O Art. 30 está inserido no contexto de sua respectiva seção.
Art. 31,O Art. 31 da Constituição Federal trata de qual tema?,A) Tema específico do Título | B) Direitos Humanos | C) Ordem Econômica | D) Disposições Finais,A,Fácil,O Art. 31 está inserido no contexto de sua respectiva seção.
Art. 32,O Art. 32 da Constituição Federal trata de qual tema?,A) Tema específico do Título | B) Direitos Humanos | C) Ordem Econômica | D) Disposições Finais,A,Fácil,O Art. 32 está inserido no contexto de sua respectiva seção.
Art. 33,O Art. 33 da Constituição Federal trata de qual tema?,A) Tema específico do Título | B) Direitos Humanos | C) Ordem Econômica | D) Disposições Finais,A,Fácil,O Art. 33 está inserido no contexto de sua respectiva seção.
Art. 34,O Art. 34 da Constituição Federal trata de qual tema?,A) Tema específico do Título | B) Direitos Humanos | C) Ordem Econômica | D) Disposições Finais,A,Fácil,O Art. 34 está inserido no contexto de sua respectiva seção.
Art. 35,O Art. 35 da Constituição Federal trata de qual tema?,A) Tema específico do Título | B) Direitos Humanos | C) Ordem Econômica | D) Disposições Finais,A,Fácil,O Art. 35 está inserido no contexto de sua respectiva seção.
Art. 36,O Art. 36 da Constituição Federal trata de qual tema?,A) Tema específico do Título | B) Direitos Humanos | C) Ordem Econômica | D) Disposições Finais,A,Fácil,O Art. 36 está inserido no contexto de sua respectiva seção.
Art. 37,"(Banca Simulada) De acordo com o Art. 37 da CF/88, é correto afirmar que:",A) O texto é literal | B) Existe exceção não prevista | C) É norma de eficácia limitada | D) Nenhuma das anteriores,A,Média,A questão exige conhecimento da literalidade do Art. 37.
Art. 37,"(Banca Simulada) Sobre a aplicação do Art. 37, assinale a alternativa INCORRETA:",A) Aplica-se a todos | B) Possui restrições legais | C) É cláusula pétrea | D) Pode ser alterado por lei ordinária,D,Difícil,Artigos fundamentais da CF geralmente exigem quórum de Emenda ou são imutáveis.
Art. 38,O Art. 38 da Constituição Federal trata de qual tema?,A) Tema específico do Título | B) Direitos Humanos | C) Ordem Econômica | D) Disposições Finais,A,Fácil,O Art. 38 está inserido no contexto de sua respectiva seção.
Art. 39,O Art. 39 da Constituição Federal trata de qual tema?,A) Tema específico do Título | B) Direitos Humanos | C) Ordem Econômica | D) Disposições Finais,A,Fácil,O Art. 39 está inserido no contexto de sua respectiva seção.
Art. 40,O Art. 40 da Constituição Federal trata de qual tema?,A) Tema específico do Título | B) Direitos Humanos | C) Ordem Econômica | D) Disposições Finais,A,Fácil,O Art. 40 está inserido no contexto de sua respectiva seção.
Art. 41,O Art. 41 da Constituição Federal trata de qual tema?,A) Tema específico do Título | B) Direitos Humanos | C) Ordem Econômica | D) Disposições Finais,A,Fácil,O Art. 41 está inserido no contexto de sua respectiva seção.
Art. 42,O Art. 42 da Constituição Federal trata de qual tema?,A) Tema específico do Título | B) Direitos Humanos | C) Ordem Econômica | D) Disposições Finais,A,Fácil,O Art. 42 está inserido no contexto de sua respectiva seção.
Art. 43,O Art. 43 da Constituição Federal trata de qual tema?,A) Tema específico do Título | B) Direitos Humanos | C) Ordem Econômica | D) Disposições Finais,A,Fácil,O Art. 43 está inserido no contexto de sua respectiva seção.
Art. 44,"(Banca Simulada) De acordo com o Art. 44 da CF/88, é correto afirmar que:",A) O texto é literal | B) Existe exceção não prevista | C) É norma de eficácia limitada | D) Nenhuma das anteriores,A,Média,A questão exige conhecimento da literalidade do Art. 44.
Art. 44,"(Banca Simulada) Sobre a aplicação do Art. 44, assinale a alternativa INCORRETA:",A) Aplica-se a todos | B) Possui restrições legais | C) É cláusula pétrea | D) Pode ser alterado por lei ordinária,D,Difícil,Artigos fundamentais da CF geralmente exigem quórum de Emenda ou são imutáveis.
Art. 45,O Art. 45 da Constituição Federal trata de qual tema?,A) Tema específico do Título | B) Direitos Humanos | C) Ordem Econômica | D) Disposições Finais,A,Fácil,O Art. 45 está inserido no contexto de sua respectiva seção.
Art. 46,O Art. 46 da Constituição Federal trata de qual tema?,A) Tema específico do Título | B) Direitos Humanos | C) Ordem Econômica | D) Disposições Finais,A,Fácil,O Art. 46 está inserido no contexto de sua respectiva seção.
Art. 47,O Art. 47 da Constituição Federal trata de qual tema?,A) Tema específico do Título | B) Direitos Humanos | C) Ordem Econômica | D) Disposições Finais,A,Fácil,O Art. 47 está inserido no contexto de sua respectiva seção.
Art. 48,O Art. 48 da Constituição Federal trata de qual tema?,A) Tema específico do Título | B) Direitos Humanos | C) Ordem Econômica | D) Disposições Finais,A,Fácil,O Art. 48 está inserido no contexto de sua respectiva seção.
Art. 49,O Art. 49 da Constituição Federal trata de qual tema?,A) Tema específico do Título | B) Direitos Humanos | C) Ordem Econômica | D) Disposições Finais,A,Fácil,O Art. 49 está inserido no contexto de sua respectiva seção.
Art. 50,O Art. 50 da Constituição Federal trata de qual tema?,A) Tema específico do Título | B) Direitos Humanos | C) Ordem Econômica | D) Disposições Finais,A,Fácil,O Art. 50 está inserido no contexto de sua respectiva seção.
Art. 51,"(Banca Simulada) De acordo com o Art. 51 da CF/88, é correto afirmar que:",A) O texto é literal | B) Existe exceção não prevista | C) É norma de eficácia limitada | D) Nenhuma das anteriores,A,Média,A questão exige conhecimento da literalidade do Art. 51.
Art. 51,"(Banca Simulada) Sobre a aplicação do Art. 51, assinale a alternativa INCORRETA:",A) Aplica-se a todos | B) Possui restrições legais | C) É cláusula pétrea | D) Pode ser alterado por lei ordinária,D,Difícil,Artigos fundamentais da CF geralmente exigem quórum de Emenda ou são imutáveis.
Art. 52,"(Banca Simulada) De acordo com o Art. 52 da CF/88, é correto afirmar que:",A) O texto é literal | B) Existe exceção não prevista | C) É norma de eficácia limitada | D) Nenhuma das anteriores,A,Média,A questão exige conhecimento da literalidade do Art. 52.
Art. 52,"(Banca Simulada) Sobre a aplicação do Art. 52, assinale a alternativa INCORRETA:",A) Aplica-se a todos | B) Possui restrições legais | C) É cláusula pétrea | D) Pode ser alterado por lei ordinária,D,Difícil,Artigos fundamentais da CF geralmente exigem quórum de Emenda ou são imutáveis.
Art. 53,O Art. 53 da Constituição Federal trata de qual tema?,A) Tema específico do Título | B) Direitos Humanos | C) Ordem Econômica | D) Disposições Finais,A,Fácil,O Art. 53 está inserido no contexto de sua respectiva seção.
Art. 54,O Art. 54 da Constituição Federal trata de qual tema?,A) Tema específico do Título | B) Direitos Humanos | C) Ordem Econômica | D) Disposições Finais,A,Fácil,O Art. 54 está inserido no contexto de sua respectiva seção.
Art. 55,O Art. 55 da Constituição Federal trata de qual tema?,A) Tema específico do Título | B) Direitos Humanos | C) Ordem Econômica | D) Disposições Finais,A,Fácil,O Art. 55 está inserido no contexto de sua respectiva seção.
Art. 56,O Art. 56 da Constituição Federal trata de qual tema?,A) Tema específico do Título | B) Direitos Humanos | C) Ordem Econômica | D) Disposições Finais,A,Fácil,O Art. 56 está inserido no contexto de sua respectiva seção.
Art. 57,O Art. 57 da Constituição Federal trata de qual tema?,A) Tema específico do Título | B) Direitos Humanos | C) Ordem Econômica | D) Disposições Finais,A,Fácil,O Art. 57 está inserido no contexto de sua respectiva seção.
Art. 58,O Art. 58 da Constituição Federal trata de qual tema?,A) Tema específico do Título | B) Direitos Humanos | C) Ordem Econômica | D) Disposições Finais,A,Fácil,O Art. 58 está inserido no contexto de sua respectiva seção.
Art. 59,O Art. 59 da Constituição Federal trata de qual tema?,A) Tema específico do Título | B) Direitos Humanos | C) Ordem Econômica | D) Disposições Finais,A,Fácil,O Art. 59 está inserido no contexto de sua respectiva seção.
Art. 60,"(Banca Simulada) De acordo com o Art. 60 da CF/88, é correto afirmar que:",A) O texto é literal | B) Existe exceção não prevista | C) É norma de eficácia limitada | D) Nenhuma das anteriores,A,Média,A questão exige conhecimento da literalidade do Art. 60.
Art. 60,"(Banca Simulada) Sobre a aplicação do Art. 60, assinale a alternativa INCORRETA:",A) Aplica-se a todos | B) Possui restrições legais | C) É cláusula pétrea | D) Pode ser alterado por lei ordinária,D,Difícil,Artigos fundamentais da CF geralmente exigem quórum de Emenda ou são imutáveis.
Art. 61,O Art. 61 da Constituição Federal trata de qual tema?,A) Tema específico do Título | B) Direitos Humanos | C) Ordem Econômica | D) Disposições Finais,A,Fácil,O Art. 61 está inserido no contexto de sua respectiva seção.
Art. 62,O Art. 62 da Constituição Federal trata de qual tema?,A) Tema específico do Título | B) Direitos Humanos | C) Ordem Econômica | D) Disposições Finais,A,Fácil,O Art. 62 está inserido no contexto de sua respectiva seção.
Art. 63,O Art. 63 da Constituição Federal trata de qual tema?,A) Tema específico do Título | B) Direitos Humanos | C) Ordem Econômica | D) Disposições Finais,A,Fácil,O Art. 63 está inserido no contexto de sua respectiva seção.
Art. 64,O Art. 64 da Constituição Federal trata de qual tema?,A) Tema específico do Título | B) Direitos Humanos | C) Ordem Econômica | D) Disposições Finais,A,Fácil,O Art. 64 está inserido no contexto de sua respectiva seção.
Art. 65,O Art. 65 da Constituição Federal trata de qual tema?,A) Tema específico do Título | B) Direitos Humanos | C) Ordem Econômica | D) Disposições Finais,A,Fácil,O Art. 65 está inserido no contexto de sua respectiva seção.
Art. 66,O Art. 66 da Constituição Federal trata de qual tema?,A) Tema específico do Título | B) Direitos Humanos | C) Ordem Econômica | D) Disposições Finais,A,Fácil,O Art. 66 está inserido no contexto de sua respectiva seção.
Art. 67,O Art. 67 da Constituição Federal trata de qual tema?,A) Tema específico do Título | B) Direitos Humanos | C) Ordem Econômica | D) Disposições Finais,A,Fácil,O Art. 67 está inserido no contexto de sua respectiva seção.
Art. 68,O Art. 68 da Constituição Federal trata de qual tema?,A) Tema específico do Título | B) Direitos Humanos | C) Ordem Econômica | D) Disposições Finais,A,Fácil,O Art. 68 está inserido no contexto de sua respectiva seção.
Art. 69,O Art. 69 da Constituição Federal trata de qual tema?,A) Tema específico do Título | B) Direitos Humanos | C) Ordem Econômica | D) Disposições Finais,A,Fácil,O Art. 69 está inserido no contexto de sua respectiva seção.
Art. 70,O Art. 70 da Constituição Federal trata de qual tema?,A) Tema específico do Título | B) Direitos Humanos | C) Ordem Econômica | D) Disposições Finais,A,Fácil,O Art. 70 está inserido no contexto de sua respectiva seção.
Art. 71,O Art. 71 da Constituição Federal trata de qual tema?,A) Tema específico do Título | B) Direitos Humanos | C) Ordem Econômica | D) Disposições Finais,A,Fácil,O Art. 71 está inserido no contexto de sua respectiva seção.
Art. 72,O Art. 72 da Constituição Federal trata de qual tema?,A) Tema específico do Título | B) Direitos Humanos | C) Ordem Econômica | D) Disposições Finais,A,Fácil,O Art. 72 está inserido no contexto de sua respectiva seção.
Art. 73,O Art. 73 da Constituição Federal trata de qual tema?,A) Tema específico do Título | B) Direitos Humanos | C) Ordem Econômica | D) Disposições Finais,A,Fácil,O Art. 73 está inserido no contexto de sua respectiva seção.
Art. 74,O Art. 74 da Constituição Federal trata de qual tema?,A) Tema específico do Título | B) Direitos Humanos | C) Ordem Econômica | D) Disposições Finais,A,Fácil,O Art. 74 está inserido no contexto de sua respectiva seção.
Art. 75,O Art. 75 da Constituição Federal trata de qual tema?,A) Tema específico do Título | B) Direitos Humanos | C) Ordem Econômica | D) Disposições Finais,A,Fácil,O Art. 75 está inserido no contexto de sua respectiva seção.
Art. 76,"(Banca Simulada) De acordo com o Art. 76 da CF/88, é correto afirmar que:",A) O texto é literal | B) Existe exceção não prevista | C) É norma de eficácia limitada | D) Nenhuma das anteriores,A,Média,A questão exige conhecimento da literalidade do Art. 76.
Art. 76,"(Banca Simulada) Sobre a aplicação do Art. 76, assinale a alternativa INCORRETA:",A) Aplica-se a todos | B) Possui restrições legais | C) É cláusula pétrea | D) Pode ser alterado por lei ordinária,D,Difícil,Artigos fundamentais da CF geralmente exigem quórum de Emenda ou são imutáveis.
Art. 77,O Art. 77 da Constituição Federal trata de qual tema?,A) Tema específico do Título | B) Direitos Humanos | C) Ordem Econômica | D) Disposições Finais,A,Fácil,O Art. 77 está inserido no contexto de sua respectiva seção.
Art. 78,O Art. 78 da Constituição Federal trata de qual tema?,A) Tema específico do Título | B) Direitos Humanos | C) Ordem Econômica | D) Disposições Finais,A,Fácil,O Art. 78 está inserido no contexto de sua respectiva seção.
Art. 79,O Art. 79 da Constituição Federal trata de qual tema?,A) Tema específico do Título | B) Direitos Humanos | C) Ordem Econômica | D) Disposições Finais,A,Fácil,O Art. 79 está inserido no contexto de sua respectiva seção.
Art. 80,O Art. 80 da Constituição Federal trata de qual tema?,A) Tema específico do Título | B) Direitos Humanos | C) Ordem Econômica | D) Disposições Finais,A,Fácil,O Art. 80 está inserido no contexto de sua respectiva seção.
Art. 81,O Art. 81 da Constituição Federal trata de qual tema?,A) Tema específico do Título | B) Direitos Humanos | C) Ordem Econômica | D) Disposições Finais,A,Fácil,O Art. 81 está inserido no contexto de sua respectiva seção.
Art. 82,O Art. 82 da Constituição Federal trata de qual tema?,A) Tema específico do Título | B) Direitos Humanos | C) Ordem Econômica | D) Disposições Finais,A,Fácil,O Art. 82 está inserido no contexto de sua respectiva seção.
Art. 83,O Art. 83 da Constituição Federal trata de qual tema?,A) Tema específico do Título | B) Direitos Humanos | C) Ordem Econômica | D) Disposições Finais,A,Fácil,O Art. 83 está inserido no contexto de sua respectiva seção.
Art. 84,"(Banca Simulada) De acordo com o Art. 84 da CF/88, é correto afirmar que:",A) O texto é literal | B) Existe exceção não prevista | C) É norma de eficácia limitada | D) Nenhuma das anteriores,A,Média,A questão exige conhecimento da literalidade do Art. 84.
Art. 84,"(Banca Simulada) Sobre a aplicação do Art. 84, assinale a alternativa INCORRETA:",A) Aplica-se a todos | B) Possui restrições legais | C) É cláusula pétrea | D) Pode ser alterado por lei ordinária,D,Difícil,Artigos fundamentais da CF geralmente exigem quórum de Emenda ou são imutáveis.
Art. 85,O Art. 85 da Constituição Federal trata de qual tema?,A) Tema específico do Título | B) Direitos Humanos | C) Ordem Econômica | D) Disposições Finais,A,Fácil,O Art. 85 está inserido no contexto de sua respectiva seção.
Art. 86,O Art. 86 da Constituição Federal trata de qual tema?,A) Tema específico do Título | B) Direitos Humanos | C) Ordem Econômica | D) Disposições Finais,A,Fácil,O Art. 86 está inserido no contexto de sua respectiva seção.
Art. 87,O Art. 87 da Constituição Federal trata de qual tema?,A) Tema específico do Título | B) Direitos Humanos | C) Ordem Econômica | D) Disposições Finais,A,Fácil,O Art. 87 está inserido no contexto de sua respectiva seção.
Art. 88,O Art. 88 da Constituição Federal trata de qual tema?,A) Tema específico do Título | B) Direitos Humanos | C) Ordem Econômica | D) Disposições Finais,A,Fácil,O Art. 88 está inserido no contexto de sua respectiva seção.
Art. 89,O Art. 89 da Constituição Federal trata de qual tema?,A) Tema específico do Título | B) Direitos Humanos | C) Ordem Econômica | D) Disposições Finais,A,Fácil,O Art. 89 está inserido no contexto de sua respectiva seção.
Art. 90,O Art. 90 da Constituição Federal trata de qual tema?,A) Tema específico do Título | B) Direitos Humanos | C) Ordem Econômica | D) Disposições Finais,A,Fácil,O Art. 90 está inserido no contexto de sua respectiva seção.
Art. 91,O Art. 91 da Constituição Federal trata de qual tema?,A) Tema específico do Título | B) Direitos Humanos | C) Ordem Econômica | D) Disposições Finais,A,Fácil,O Art. 91 está inserido no contexto de sua respectiva seção.
Art. 92,"(Banca Simulada) De acordo com o Art. 92 da CF/88, é correto afirmar que:",A) O texto é literal | B) Existe exceção não prevista | C) É norma de eficácia limitada | D) Nenhuma das anteriores,A,Média,A questão exige conhecimento da literalidade do Art. 92.
Art. 92,"(Banca Simulada) Sobre a aplicação do Art. 92, assinale a alternativa INCORRETA:",A) Aplica-se a todos | B) Possui restrições legais | C) É cláusula pétrea | D) Pode ser alterado por lei ordinária,D,Difícil,Artigos fundamentais da CF geralmente exigem quórum de Emenda ou são imutáveis.
Art. 93,O Art. 93 da Constituição Federal trata de qual tema?,A) Tema específico do Título | B) Direitos Humanos | C) Ordem Econômica | D) Disposições Finais,A,Fácil,O Art. 93 está inserido no contexto de sua respectiva seção.
Art. 94,O Art. 94 da Constituição Federal trata de qual tema?,A) Tema específico do Título | B) Direitos Humanos | C) Ordem Econômica | D) Disposições Finais,A,Fácil,O Art. 94 está inserido no contexto de sua respectiva seção.
Art. 95,O Art. 95 da Constituição Federal trata de qual tema?,A) Tema específico do Título | B) Direitos Humanos | C) Ordem Econômica | D) Disposições Finais,A,Fácil,O Art. 95 está inserido no contexto de sua respectiva seção.
Art. 96,O Art. 96 da Constituição Federal trata de qual tema?,A) Tema específico do Título | B) Direitos Humanos | C) Ordem Econômica | D) Disposições Finais,A,Fácil,O Art. 96 está inserido no contexto de sua respectiva seção.
Art. 97,O Art. 97 da Constituição Federal trata de qual tema?,A) Tema específico do Título | B) Direitos Humanos | C) Ordem Econômica | D) Disposições Finais,A,Fácil,O Art. 97 está inserido no contexto de sua respectiva seção.
Art. 98,O Art. 98 da Constituição Federal trata de qual tema?,A) Tema específico do Título | B) Direitos Humanos | C) Ordem Econômica | D) Disposições Finais,A,Fácil,O Art. 98 está inserido no contexto de sua respectiva seção.
Art. 99,O Art. 99 da Constituição Federal trata de qual tema?,A) Tema específico do Título | B) Direitos Humanos | C) Ordem Econômica | D) Disposições Finais,A,Fácil,O Art. 99 está inserido no contexto de sua respectiva seção.
Art. 100,O Art. 100 da Constituição Federal trata de qual tema?,A) Tema específico do Título | B) Direitos Humanos | C) Ordem Econômica | D) Disposições Finais,A,Fácil,O Art. 100 está inserido no contexto de sua respectiva seção.
Art. 101,"(Banca Simulada) De acordo com o Art. 101 da CF/88, é correto afirmar que:",A) O texto é literal | B) Existe exceção não prevista | C) É norma de eficácia limitada | D) Nenhuma das anteriores,A,Média,A questão exige conhecimento da literalidade do Art. 101.
Art. 101,"(Banca Simulada) Sobre a aplicação do Art. 101, assinale a alternativa INCORRETA:",A) Aplica-se a todos | B) Possui restrições legais | C) É cláusula pétrea | D) Pode ser alterado por lei ordinária,D,Difícil,Artigos fundamentais da CF geralmente exigem quórum de Emenda ou são imutáveis.
Art. 102,"(Banca Simulada) De acordo com o Art. 102 da CF/88, é correto afirmar que:",A) O texto é literal | B) Existe exceção não prevista | C) É norma de eficácia limitada | D) Nenhuma das anteriores,A,Média,A questão exige conhecimento da literalidade do Art. 102.
Art. 102,"(Banca Simulada) Sobre a aplicação do Art. 102, assinale a alternativa INCORRETA:",A) Aplica-se a todos | B) Possui restrições legais | C) É cláusula pétrea | D) Pode ser alterado por lei ordinária,D,Difícil,Artigos fundamentais da CF geralmente exigem quórum de Emenda ou são imutáveis.
Art. 103,"(Banca Simulada) De acordo com o Art. 103 da CF/88, é correto afirmar que:",A) O texto é literal | B) Existe exceção não prevista | C) É norma de eficácia limitada | D) Nenhuma das anteriores,A,Média,A questão exige conhecimento da literalidade do Art. 103.
Art. 103,"(Banca Simulada) Sobre a aplicação do Art. 103, assinale a alternativa INCORRETA:",A) Aplica-se a todos | B) Possui restrições legais | C) É cláusula pétrea | D) Pode ser alterado por lei ordinária,D,Difícil,Artigos fundamentais da CF geralmente exigem quórum de Emenda ou são imutáveis.
Art. 104,O Art. 104 da Constituição Federal trata de qual tema?,A) Tema específico do Título | B) Direitos Humanos | C) Ordem Econômica | D) Disposições Finais,A,Fácil,O Art. 104 está inserido no contexto de sua respectiva seção.
Art. 105,O Art. 105 da Constituição Federal trata de qual tema?,A) Tema específico do Título | B) Direitos Humanos | C) Ordem Econômica | D) Disposições Finais,A,Fácil,O Art. 105 está inserido no contexto de sua respectiva seção.
Art. 106,O Art. 106 da Constituição Federal trata de qual tema?,A) Tema específico do Título | B) Direitos Humanos | C) Ordem Econômica | D) Disposições Finais,A,Fácil,O Art. 106 está inserido no contexto de sua respectiva seção.
Art. 107,O Art. 107 da Constituição Federal trata de qual tema?,A) Tema específico do Título | B) Direitos Humanos | C) Ordem Econômica | D) Disposições Finais,A,Fácil,O Art. 107 está inserido no contexto de sua respectiva seção.
Art. 108,O Art. 108 da Constituição Federal trata de qual tema?,A) Tema específico do Título | B) Direitos Humanos | C) Ordem Econômica | D) Disposições Finais,A,Fácil,O Art. 108 está inserido no contexto de sua respectiva seção.
Art. 109,O Art. 109 da Constituição Federal trata de qual tema?,A) Tema específico do Título | B) Direitos Humanos | C) Ordem Econômica | D) Disposições Finais,A,Fácil,O Art. 109 está inserido no contexto de sua respectiva seção.
Art. 110,O Art. 110 da Constituição Federal trata de qual tema?,A) Tema específico do Título | B) Direitos Humanos | C) Ordem Econômica | D) Disposições Finais,A,Fácil,O Art. 110 está inserido no contexto de sua respectiva seção.
Art. 111,O Art. 111 da Constituição Federal trata de qual tema?,A) Tema específico do Título | B) Direitos Humanos | C) Ordem Econômica | D) Disposições Finais,A,Fácil,O Art. 111 está inserido no contexto de sua respectiva seção.
Art. 112,O Art. 112 da Constituição Federal trata de qual tema?,A) Tema específico do Título | B) Direitos Humanos | C) Ordem Econômica | D) Disposições Finais,A,Fácil,O Art. 112 está inserido no contexto de sua respectiva seção.
Art. 113,O Art. 113 da Constituição Federal trata de qual tema?,A) Tema específico do Título | B) Direitos Humanos | C) Ordem Econômica | D) Disposições Finais,A,Fácil,O Art. 113 está inserido no contexto de sua respectiva seção.
Art. 114,O Art. 114 da Constituição Federal trata de qual tema?,A) Tema específico do Título | B) Direitos Humanos | C) Ordem Econômica | D) Disposições Finais,A,Fácil,O Art. 114 está inserido no contexto de sua respectiva seção.
Art. 115,O Art. 115 da Constituição Federal trata de qual tema?,A) Tema específico do Título | B) Direitos Humanos | C) Ordem Econômica | D) Disposições Finais,A,Fácil,O Art. 115 está inserido no contexto de sua respectiva seção.
Art. 116,O Art. 116 da Constituição Federal trata de qual tema?,A) Tema específico do Título | B) Direitos Humanos | C) Ordem Econômica | D) Disposições Finais,A,Fácil,O Art. 116 está inserido no contexto de sua respectiva seção.
Art. 117,O Art. 117 da Constituição Federal trata de qual tema?,A) Tema específico do Título | B) Direitos Humanos | C) Ordem Econômica | D) Disposições Finais,A,Fácil,O Art. 117 está inserido no contexto de sua respectiva seção.
Art. 118,O Art. 118 da Constituição Federal trata de qual tema?,A) Tema específico do Título | B) Direitos Humanos | C) Ordem Econômica | D) Disposições Finais,A,Fácil,O Art. 118 está inserido no contexto de sua respectiva seção.
Art. 119,O Art. 119 da Constituição Federal trata de qual tema?,A) Tema específico do Título | B) Direitos Humanos | C) Ordem Econômica | D) Disposições Finais,A,Fácil,O Art. 119 está inserido no contexto de sua respectiva seção.
Art. 120,O Art. 120 da Constituição Federal trata de qual tema?,A) Tema específico do Título | B) Direitos Humanos | C) Ordem Econômica | D) Disposições Finais,A,Fácil,O Art. 120 está inserido no contexto de sua respectiva seção.
Art. 121,O Art. 121 da Constituição Federal trata de qual tema?,A) Tema específico do Título | B) Direitos Humanos | C) Ordem Econômica | D) Disposições Finais,A,Fácil,O Art. 121 está inserido no contexto de sua respectiva seção.
Art. 122,O Art. 122 da Constituição Federal trata de qual tema?,A) Tema específico do Título | B) Direitos Humanos | C) Ordem Econômica | D) Disposições Finais,A,Fácil,O Art. 122 está inserido no contexto de sua respectiva seção.
Art. 123,O Art. 123 da Constituição Federal trata de qual tema?,A) Tema específico do Título | B) Direitos Humanos | C) Ordem Econômica | D) Disposições Finais,A,Fácil,O Art. 123 está inserido no contexto de sua respectiva seção.
Art. 124,O Art. 124 da Constituição Federal trata de qual tema?,A) Tema específico do Título | B) Direitos Humanos | C) Ordem Econômica | D) Disposições Finais,A,Fácil,O Art. 124 está inserido no contexto de sua respectiva seção.
Art. 125,O Art. 125 da Constituição Federal trata de qual tema?,A) Tema específico do Título | B) Direitos Humanos | C) Ordem Econômica | D) Disposições Finais,A,Fácil,O Art. 125 está inserido no contexto de sua respectiva seção.
Art. 126,O Art. 126 da Constituição Federal trata de qual tema?,A) Tema específico do Título | B) Direitos Humanos | C) Ordem Econômica | D) Disposições Finais,A,Fácil,O Art. 126 está inserido no contexto de sua respectiva seção.
Art. 127,O Art. 127 da Constituição Federal trata de qual tema?,A) Tema específico do Título | B) Direitos Humanos | C) Ordem Econômica | D) Disposições Finais,A,Fácil,O Art. 127 está inserido no contexto de sua respectiva seção.
Art. 128,O Art. 128 da Constituição Federal trata de qual tema?,A) Tema específico do Título | B) Direitos Humanos | C) Ordem Econômica | D) Disposições Finais,A,Fácil,O Art. 128 está inserido no contexto de sua respectiva seção.
Art. 129,O Art. 129 da Constituição Federal trata de qual tema?,A) Tema específico do Título | B) Direitos Humanos | C) Ordem Econômica | D) Disposições Finais,A,Fácil,O Art. 129 está inserido no contexto de sua respectiva seção.
Art. 130,O Art. 130 da Constituição Federal trata de qual tema?,A) Tema específico do Título | B) Direitos Humanos | C) Ordem Econômica | D) Disposições Finais,A,Fácil,O Art. 130 está inserido no contexto de sua respectiva seção.
Art. 131,O Art. 131 da Constituição Federal trata de qual tema?,A) Tema específico do Título | B) Direitos Humanos | C) Ordem Econômica | D) Disposições Finais,A,Fácil,O Art. 131 está inserido no contexto de sua respectiva seção.
Art. 132,O Art. 132 da Constituição Federal trata de qual tema?,A) Tema específico do Título | B) Direitos Humanos | C) Ordem Econômica | D) Disposições Finais,A,Fácil,O Art. 132 está inserido no contexto de sua respectiva seção.
Art. 133,O Art. 133 da Constituição Federal trata de qual tema?,A) Tema específico do Título | B) Direitos Humanos | C) Ordem Econômica | D) Disposições Finais,A,Fácil,O Art. 133 está inserido no contexto de sua respectiva seção.
Art. 134,O Art. 134 da Constituição Federal trata de qual tema?,A) Tema específico do Título | B) Direitos Humanos | C) Ordem Econômica | D) Disposições Finais,A,Fácil,O Art. 134 está inserido no contexto de sua respectiva seção.
Art. 135,O Art. 135 da Constituição Federal trata de qual tema?,A) Tema específico do Título | B) Direitos Humanos | C) Ordem Econômica | D) Disposições Finais,A,Fácil,O Art. 135 está inserido no contexto de sua respectiva seção.
Art. 136,O Art. 136 da Constituição Federal trata de qual tema?,A) Tema específico do Título | B) Direitos Humanos | C) Ordem Econômica | D) Disposições Finais,A,Fácil,O Art. 136 está inserido no contexto de sua respectiva seção.
Art. 137,O Art. 137 da Constituição Federal trata de qual tema?,A) Tema específico do Título | B) Direitos Humanos | C) Ordem Econômica | D) Disposições Finais,A,Fácil,O Art. 137 está inserido no contexto de sua respectiva seção.
Art. 138,O Art. 138 da Constituição Federal trata de qual tema?,A) Tema específico do Título | B) Direitos Humanos | C) Ordem Econômica | D) Disposições Finais,A,Fácil,O Art. 138 está inserido no contexto de sua respectiva seção.
Art. 139,O Art. 139 da Constituição Federal trata de qual tema?,A) Tema específico do Título | B) Direitos Humanos | C) Ordem Econômica | D) Disposições Finais,A,Fácil,O Art. 139 está inserido no contexto de sua respectiva seção.
Art. 140,O Art. 140 da Constituição Federal trata de qual tema?,A) Tema específico do Título | B) Direitos Humanos | C) Ordem Econômica | D) Disposições Finais,A,Fácil,O Art. 140 está inserido no contexto de sua respectiva seção.
Art. 141,O Art. 141 da Constituição Federal trata de qual tema?,A) Tema específico do Título | B) Direitos Humanos | C) Ordem Econômica | D) Disposições Finais,A,Fácil,O Art. 141 está inserido no contexto de sua respectiva seção.
Art. 142,O Art. 142 da Constituição Federal trata de qual tema?,A) Tema específico do Título | B) Direitos Humanos | C) Ordem Econômica | D) Disposições Finais,A,Fácil,O Art. 142 está inserido no contexto de sua respectiva seção.
Art. 143,O Art. 143 da Constituição Federal trata de qual tema?,A) Tema específico do Título | B) Direitos Humanos | C) Ordem Econômica | D) Disposições Finais,A,Fácil,O Art. 143 está inserido no contexto de sua respectiva seção.
Art. 144,O Art. 144 da Constituição Federal trata de qual tema?,A) Tema específico do Título | B) Direitos Humanos | C) Ordem Econômica | D) Disposições Finais,A,Fácil,O Art. 144 está inserido no contexto de sua respectiva seção.
Art. 145,"(Banca Simulada) De acordo com o Art. 145 da CF/88, é correto afirmar que:",A) O texto é literal | B) Existe exceção não prevista | C) É norma de eficácia limitada | D) Nenhuma das anteriores,A,Média,A questão exige conhecimento da literalidade do Art. 145.
Art. 145,"(Banca Simulada) Sobre a aplicação do Art. 145, assinale a alternativa INCORRETA:",A) Aplica-se a todos | B) Possui restrições legais | C) É cláusula pétrea | D) Pode ser alterado por lei ordinária,D,Difícil,Artigos fundamentais da CF geralmente exigem quórum de Emenda ou são imutáveis.
Art. 146,O Art. 146 da Constituição Federal trata de qual tema?,A) Tema específico do Título | B) Direitos Humanos | C) Ordem Econômica | D) Disposições Finais,A,Fácil,O Art. 146 está inserido no contexto de sua respectiva seção.
Art. 147,O Art. 147 da Constituição Federal trata de qual tema?,A) Tema específico do Título | B) Direitos Humanos | C) Ordem Econômica | D) Disposições Finais,A,Fácil,O Art. 147 está inserido no contexto de sua respectiva seção.
Art. 148,O Art. 148 da Constituição Federal trata de qual tema?,A) Tema específico do Título | B) Direitos Humanos | C) Ordem Econômica | D) Disposições Finais,A,Fácil,O Art. 148 está inserido no contexto de sua respectiva seção.
Art. 149,O Art. 149 da Constituição Federal trata de qual tema?,A) Tema específico do Título | B) Direitos Humanos | C) Ordem Econômica | D) Disposições Finais,A,Fácil,O Art. 149 está inserido no contexto de sua respectiva seção.
Art. 150,"(Banca Simulada) De acordo com o Art. 150 da CF/88, é correto afirmar que:",A) O texto é literal | B) Existe exceção não prevista | C) É norma de eficácia limitada | D) Nenhuma das anteriores,A,Média,A questão exige conhecimento da literalidade do Art. 150.
Art. 150,"(Banca Simulada) Sobre a aplicação do Art. 150, assinale a alternativa INCORRETA:",A) Aplica-se a todos | B) Possui restrições legais | C) É cláusula pétrea | D) Pode ser alterado por lei ordinária,D,Difícil,Artigos fundamentais da CF geralmente exigem quórum de Emenda ou são imutáveis.
Art. 151,O Art. 151 da Constituição Federal trata de qual tema?,A) Tema específico do Título | B) Direitos Humanos | C) Ordem Econômica | D) Disposições Finais,A,Fácil,O Art. 151 está inserido no contexto de sua respectiva seção.
Art. 152,O Art. 152 da Constituição Federal trata de qual tema?,A) Tema específico do Título | B) Direitos Humanos | C) Ordem Econômica | D) Disposições Finais,A,Fácil,O Art. 152 está inserido no contexto de sua respectiva seção.
Art. 153,"(Banca Simulada) De acordo com o Art. 153 da CF/88, é correto afirmar que:",A) O texto é literal | B) Existe exceção não prevista | C) É norma de eficácia limitada | D) Nenhuma das anteriores,A,Média,A questão exige conhecimento da literalidade do Art. 153.
Art. 153,"(Banca Simulada) Sobre a aplicação do Art. 153, assinale a alternativa INCORRETA:",A) Aplica-se a todos | B) Possui restrições legais | C) É cláusula pétrea | D) Pode ser alterado por lei ordinária,D,Difícil,Artigos fundamentais da CF geralmente exigem quórum de Emenda ou são imutáveis.
Art. 154,O Art. 154 da Constituição Federal trata de qual tema?,A) Tema específico do Título | B) Direitos Humanos | C) Ordem Econômica | D) Disposições Finais,A,Fácil,O Art. 154 está inserido no contexto de sua respectiva seção.
Art. 155,O Art. 155 da Constituição Federal trata de qual tema?,A) Tema específico do Título | B) Direitos Humanos | C) Ordem Econômica | D) Disposições Finais,A,Fácil,O Art. 155 está inserido no contexto de sua respectiva seção.
Art. 156,O Art. 156 da Constituição Federal trata de qual tema?,A) Tema específico do Título | B) Direitos Humanos | C) Ordem Econômica | D) Disposições Finais,A,Fácil,O Art. 156 está inserido no contexto de sua respectiva seção.
Art. 157,O Art. 157 da Constituição Federal trata de qual tema?,A) Tema específico do Título | B) Direitos Humanos | C) Ordem Econômica | D) Disposições Finais,A,Fácil,O Art. 157 está inserido no contexto de sua respectiva seção.
Art. 158,O Art. 158 da Constituição Federal trata de qual tema?,A) Tema específico do Título | B) Direitos Humanos | C) Ordem Econômica | D) Disposições Finais,A,Fácil,O Art. 158 está inserido no contexto de sua respectiva seção.
Art. 159,O Art. 159 da Constituição Federal trata de qual tema?,A) Tema específico do Título | B) Direitos Humanos | C) Ordem Econômica | D) Disposições Finais,A,Fácil,O Art. 159 está inserido no contexto de sua respectiva seção.
Art. 160,O Art. 160 da Constituição Federal trata de qual tema?,A) Tema específico do Título | B) Direitos Humanos | C) Ordem Econômica | D) Disposições Finais,A,Fácil,O Art. 160 está inserido no contexto de sua respectiva seção.
Art. 161,O Art. 161 da Constituição Federal trata de qual tema?,A) Tema específico do Título | B) Direitos Humanos | C) Ordem Econômica | D) Disposições Finais,A,Fácil,O Art. 161 está inserido no contexto de sua respectiva seção.
Art. 162,O Art. 162 da Constituição Federal trata de qual tema?,A) Tema específico do Título | B) Direitos Humanos | C) Ordem Econômica | D) Disposições Finais,A,Fácil,O Art. 162 está inserido no contexto de sua respectiva seção.
Art. 163,O Art. 163 da Constituição Federal trata de qual tema?,A) Tema específico do Título | B) Direitos Humanos | C) Ordem Econômica | D) Disposições Finais,A,Fácil,O Art. 163 está inserido no contexto de sua respectiva seção.
Art. 164,O Art. 164 da Constituição Federal trata de qual tema?,A) Tema específico do Título | B) Direitos Humanos | C) Ordem Econômica | D) Disposições Finais,A,Fácil,O Art. 164 está inserido no contexto de sua respectiva seção.
Art. 165,"(Banca Simulada) De acordo com o Art. 165 da CF/88, é correto afirmar que:",A) O texto é literal | B) Existe exceção não prevista | C) É norma de eficácia limitada | D) Nenhuma das anteriores,A,Média,A questão exige conhecimento da literalidade do Art. 165.
Art. 165,"(Banca Simulada) Sobre a aplicação do Art. 165, assinale a alternativa INCORRETA:",A) Aplica-se a todos | B) Possui restrições legais | C) É cláusula pétrea | D) Pode ser alterado por lei ordinária,D,Difícil,Artigos fundamentais da CF geralmente exigem quórum de Emenda ou são imutáveis.
Art. 166,O Art. 166 da Constituição Federal trata de qual tema?,A) Tema específico do Título | B) Direitos Humanos | C) Ordem Econômica | D) Disposições Finais,A,Fácil,O Art. 166 está inserido no contexto de sua respectiva seção.
Art. 167,O Art. 167 da Constituição Federal trata de qual tema?,A) Tema específico do Título | B) Direitos Humanos | C) Ordem Econômica | D) Disposições Finais,A,Fácil,O Art. 167 está inserido no contexto de sua respectiva seção.
Art. 168,O Art. 168 da Constituição Federal trata de qual tema?,A) Tema específico do Título | B) Direitos Humanos | C) Ordem Econômica | D) Disposições Finais,A,Fácil,O Art. 168 está inserido no contexto de sua respectiva seção.
Art. 169,O Art. 169 da Constituição Federal trata de qual tema?,A) Tema específico do Título | B) Direitos Humanos | C) Ordem Econômica | D) Disposições Finais,A,Fácil,O Art. 169 está inserido no contexto de sua respectiva seção.
Art. 170,"(Banca Simulada) De acordo com o Art. 170 da CF/88, é correto afirmar que:",A) O texto é literal | B) Existe exceção não prevista | C) É norma de eficácia limitada | D) Nenhuma das anteriores,A,Média,A questão exige conhecimento da literalidade do Art. 170.
Art. 170,"(Banca Simulada) Sobre a aplicação do Art. 170, assinale a alternativa INCORRETA:",A) Aplica-se a todos | B) Possui restrições legais | C) É cláusula pétrea | D) Pode ser alterado por lei ordinária,D,Difícil,Artigos fundamentais da CF geralmente exigem quórum de Emenda ou são imutáveis.
Art. 171,O Art. 171 da Constituição Federal trata de qual tema?,A) Tema específico do Título | B) Direitos Humanos | C) Ordem Econômica | D) Disposições Finais,A,Fácil,O Art. 171 está inserido no contexto de sua respectiva seção.
Art. 172,O Art. 172 da Constituição Federal trata de qual tema?,A) Tema específico do Título | B) Direitos Humanos | C) Ordem Econômica | D) Disposições Finais,A,Fácil,O Art. 172 está inserido no contexto de sua respectiva seção.
Art. 173,O Art. 173 da Constituição Federal trata de qual tema?,A) Tema específico do Título | B) Direitos Humanos | C) Ordem Econômica | D) Disposições Finais,A,Fácil,O Art. 173 está inserido no contexto de sua respectiva seção.
Art. 174,O Art. 174 da Constituição Federal trata de qual tema?,A) Tema específico do Título | B) Direitos Humanos | C) Ordem Econômica | D) Disposições Finais,A,Fácil,O Art. 174 está inserido no contexto de sua respectiva seção.
Art. 175,O Art. 175 da Constituição Federal trata de qual tema?,A) Tema específico do Título | B) Direitos Humanos | C) Ordem Econômica | D) Disposições Finais,A,Fácil,O Art. 175 está inserido no contexto de sua respectiva seção.
Art. 176,O Art. 176 da Constituição Federal trata de qual tema?,A) Tema específico do Título | B) Direitos Humanos | C) Ordem Econômica | D) Disposições Finais,A,Fácil,O Art. 176 está inserido no contexto de sua respectiva seção.
Art. 177,O Art. 177 da Constituição Federal trata de qual tema?,A) Tema específico do Título | B) Direitos Humanos | C) Ordem Econômica | D) Disposições Finais,A,Fácil,O Art. 177 está inserido no contexto de sua respectiva seção.
Art. 178,O Art. 178 da Constituição Federal trata de qual tema?,A) Tema específico do Título | B) Direitos Humanos | C) Ordem Econômica | D) Disposições Finais,A,Fácil,O Art. 178 está inserido no contexto de sua respectiva seção.
Art. 179,O Art. 179 da Constituição Federal trata de qual tema?,A) Tema específico do Título | B) Direitos Humanos | C) Ordem Econômica | D) Disposições Finais,A,Fácil,O Art. 179 está inserido no contexto de sua respectiva seção.
Art. 180,O Art. 180 da Constituição Federal trata de qual tema?,A) Tema específico do Título | B) Direitos Humanos | C) Ordem Econômica | D) Disposições Finais,A,Fácil,O Art. 180 está inserido no contexto de sua respectiva seção.
Art. 181,O Art. 181 da Constituição Federal trata de qual tema?,A) Tema específico do Título | B) Direitos Humanos | C) Ordem Econômica | D) Disposições Finais,A,Fácil,O Art. 181 está inserido no contexto de sua respectiva seção.
Art. 182,O Art. 182 da Constituição Federal trata de qual tema?,A) Tema específico do Título | B) Direitos Humanos | C) Ordem Econômica | D) Disposições Finais,A,Fácil,O Art. 182 está inserido no contexto de sua respectiva seção.
Art. 183,O Art. 183 da Constituição Federal trata de qual tema?,A) Tema específico do Título | B) Direitos Humanos | C) Ordem Econômica | D) Disposições Finais,A,Fácil,O Art. 183 está inserido no contexto de sua respectiva seção.
Art. 184,O Art. 184 da Constituição Federal trata de qual tema?,A) Tema específico do Título | B) Direitos Humanos | C) Ordem Econômica | D) Disposições Finais,A,Fácil,O Art. 184 está inserido no contexto de sua respectiva seção.
Art. 185,O Art. 185 da Constituição Federal trata de qual tema?,A) Tema específico do Título | B) Direitos Humanos | C) Ordem Econômica | D) Disposições Finais,A,Fácil,O Art. 185 está inserido no contexto de sua respectiva seção.
Art. 186,O Art. 186 da Constituição Federal trata de qual tema?,A) Tema específico do Título | B) Direitos Humanos | C) Ordem Econômica | D) Disposições Finais,A,Fácil,O Art. 186 está inserido no contexto de sua respectiva seção.
Art. 187,O Art. 187 da Constituição Federal trata de qual tema?,A) Tema específico do Título | B) Direitos Humanos | C) Ordem Econômica | D) Disposições Finais,A,Fácil,O Art. 187 está inserido no contexto de sua respectiva seção.
Art. 188,O Art. 188 da Constituição Federal trata de qual tema?,A) Tema específico do Título | B) Direitos Humanos | C) Ordem Econômica | D) Disposições Finais,A,Fácil,O Art. 188 está inserido no contexto de sua respectiva seção.
Art. 189,O Art. 189 da Constituição Federal trata de qual tema?,A) Tema específico do Título | B) Direitos Humanos | C) Ordem Econômica | D) Disposições Finais,A,Fácil,O Art. 189 está inserido no contexto de sua respectiva seção.
Art. 190,O Art. 190 da Constituição Federal trata de qual tema?,A) Tema específico do Título | B) Direitos Humanos | C) Ordem Econômica | D) Disposições Finais,A,Fácil,O Art. 190 está inserido no contexto de sua respectiva seção.
Art. 191,O Art. 191 da Constituição Federal trata de qual tema?,A) Tema específico do Título | B) Direitos Humanos | C) Ordem Econômica | D) Disposições Finais,A,Fácil,O Art. 191 está inserido no contexto de sua respectiva seção.
Art. 192,O Art. 192 da Constituição Federal trata de qual tema?,A) Tema específico do Título | B) Direitos Humanos | C) Ordem Econômica | D) Disposições Finais,A,Fácil,O Art. 192 está inserido no contexto de sua respectiva seção.
Art. 193,O Art. 193 da Constituição Federal trata de qual tema?,A) Tema específico do Título | B) Direitos Humanos | C) Ordem Econômica | D) Disposições Finais,A,Fácil,O Art. 193 está inserido no contexto de sua respectiva seção.
Art. 194,O Art. 194 da Constituição Federal trata de qual tema?,A) Tema específico do Título | B) Direitos Humanos | C) Ordem Econômica | D) Disposições Finais,A,Fácil,O Art. 194 está inserido no contexto de sua respectiva seção.
Art. 195,O Art. 195 da Constituição Federal trata de qual tema?,A) Tema específico do Título | B) Direitos Humanos | C) Ordem Econômica | D) Disposições Finais,A,Fácil,O Art. 195 está inserido no contexto de sua respectiva seção.
Art. 196,"(Banca Simulada) De acordo com o Art. 196 da CF/88, é correto afirmar que:",A) O texto é literal | B) Existe exceção não prevista | C) É norma de eficácia limitada | D) Nenhuma das anteriores,A,Média,A questão exige conhecimento da literalidade do Art. 196.
Art. 196,"(Banca Simulada) Sobre a aplicação do Art. 196, assinale a alternativa INCORRETA:",A) Aplica-se a todos | B) Possui restrições legais | C) É cláusula pétrea | D) Pode ser alterado por lei ordinária,D,Difícil,Artigos fundamentais da CF geralmente exigem quórum de Emenda ou são imutáveis.
Art. 197,O Art. 197 da Constituição Federal trata de qual tema?,A) Tema específico do Título | B) Direitos Humanos | C) Ordem Econômica | D) Disposições Finais,A,Fácil,O Art. 197 está inserido no contexto de sua respectiva seção.
Art. 198,O Art. 198 da Constituição Federal trata de qual tema?,A) Tema específico do Título | B) Direitos Humanos | C) Ordem Econômica | D) Disposições Finais,A,Fácil,O Art. 198 está inserido no contexto de sua respectiva seção.
Art. 199,O Art. 199 da Constituição Federal trata de qual tema?,A) Tema específico do Título | B) Direitos Humanos | C) Ordem Econômica | D) Disposições Finais,A,Fácil,O Art. 199 está inserido no contexto de sua respectiva seção.
Art. 200,O Art. 200 da Constituição Federal trata de qual tema?,A) Tema específico do Título | B) Direitos Humanos | C) Ordem Econômica | D) Disposições Finais,A,Fácil,O Art. 200 está inserido no contexto de sua respectiva seção.
Art. 201,O Art. 201 da Constituição Federal trata de qual tema?,A) Tema específico do Título | B) Direitos Humanos | C) Ordem Econômica | D) Disposições Finais,A,Fácil,O Art. 201 está inserido no contexto de sua respectiva seção.
Art. 202,O Art. 202 da Constituição Federal trata de qual tema?,A) Tema específico do Título | B) Direitos Humanos | C) Ordem Econômica | D) Disposições Finais,A,Fácil,O Art. 202 está inserido no contexto de sua respectiva seção.
Art. 203,O Art. 203 da Constituição Federal trata de qual tema?,A) Tema específico do Título | B) Direitos Humanos | C) Ordem Econômica | D) Disposições Finais,A,Fácil,O Art. 203 está inserido no contexto de sua respectiva seção.
Art. 204,O Art. 204 da Constituição Federal trata de qual tema?,A) Tema específico do Título | B) Direitos Humanos | C) Ordem Econômica | D) Disposições Finais,A,Fácil,O Art. 204 está inserido no contexto de sua respectiva seção.
Art. 205,"(Banca Simulada) De acordo com o Art. 205 da CF/88, é correto afirmar que:",A) O texto é literal | B) Existe exceção não prevista | C) É norma de eficácia limitada | D) Nenhuma das anteriores,A,Média,A questão exige conhecimento da literalidade do Art. 205.
Art. 205,"(Banca Simulada) Sobre a aplicação do Art. 205, assinale a alternativa INCORRETA:",A) Aplica-se a todos | B) Possui restrições legais | C) É cláusula pétrea | D) Pode ser alterado por lei ordinária,D,Difícil,Artigos fundamentais da CF geralmente exigem quórum de Emenda ou são imutáveis.
Art. 206,O Art. 206 da Constituição Federal trata de qual tema?,A) Tema específico do Título | B) Direitos Humanos | C) Ordem Econômica | D) Disposições Finais,A,Fácil,O Art. 206 está inserido no contexto de sua respectiva seção.
Art. 207,O Art. 207 da Constituição Federal trata de qual tema?,A) Tema específico do Título | B) Direitos Humanos | C) Ordem Econômica | D) Disposições Finais,A,Fácil,O Art. 207 está inserido no contexto de sua respectiva seção.
Art. 208,O Art. 208 da Constituição Federal trata de qual tema?,A) Tema específico do Título | B) Direitos Humanos | C) Ordem Econômica | D) Disposições Finais,A,Fácil,O Art. 208 está inserido no contexto de sua respectiva seção.
Art. 209,O Art. 209 da Constituição Federal trata de qual tema?,A) Tema específico do Título | B) Direitos Humanos | C) Ordem Econômica | D) Disposições Finais,A,Fácil,O Art. 209 está inserido no contexto de sua respectiva seção.
Art. 210,O Art. 210 da Constituição Federal trata de qual tema?,A) Tema específico do Título | B) Direitos Humanos | C) Ordem Econômica | D) Disposições Finais,A,Fácil,O Art. 210 está inserido no contexto de sua respectiva seção.
Art. 211,O Art. 211 da Constituição Federal trata de qual tema?,A) Tema específico do Título | B) Direitos Humanos | C) Ordem Econômica | D) Disposições Finais,A,Fácil,O Art. 211 está inserido no contexto de sua respectiva seção.
Art. 212,O Art. 212 da Constituição Federal trata de qual tema?,A) Tema específico do Título | B) Direitos Humanos | C) Ordem Econômica | D) Disposições Finais,A,Fácil,O Art. 212 está inserido no contexto de sua respectiva seção.
Art. 213,O Art. 213 da Constituição Federal trata de qual tema?,A) Tema específico do Título | B) Direitos Humanos | C) Ordem Econômica | D) Disposições Finais,A,Fácil,O Art. 213 está inserido no contexto de sua respectiva seção.
Art. 214,O Art. 214 da Constituição Federal trata de qual tema?,A) Tema específico do Título | B) Direitos Humanos | C) Ordem Econômica | D) Disposições Finais,A,Fácil,O Art. 214 está inserido no contexto de sua respectiva seção.
Art. 215,O Art. 215 da Constituição Federal trata de qual tema?,A) Tema específico do Título | B) Direitos Humanos | C) Ordem Econômica | D) Disposições Finais,A,Fácil,O Art. 215 está inserido no contexto de sua respectiva seção.
Art. 216,O Art. 216 da Constituição Federal trata de qual tema?,A) Tema específico do Título | B) Direitos Humanos | C) Ordem Econômica | D) Disposições Finais,A,Fácil,O Art. 216 está inserido no contexto de sua respectiva seção.
Art. 217,O Art. 217 da Constituição Federal trata de qual tema?,A) Tema específico do Título | B) Direitos Humanos | C) Ordem Econômica | D) Disposições Finais,A,Fácil,O Art. 217 está inserido no contexto de sua respectiva seção.
Art. 218,O Art. 218 da Constituição Federal trata de qual tema?,A) Tema específico do Título | B) Direitos Humanos | C) Ordem Econômica | D) Disposições Finais,A,Fácil,O Art. 218 está inserido no contexto de sua respectiva seção.
Art. 219,O Art. 219 da Constituição Federal trata de qual tema?,A) Tema específico do Título | B) Direitos Humanos | C) Ordem Econômica | D) Disposições Finais,A,Fácil,O Art. 219 está inserido no contexto de sua respectiva seção.
Art. 220,O Art. 220 da Constituição Federal trata de qual tema?,A) Tema específico do Título | B) Direitos Humanos | C) Ordem Econômica | D) Disposições Finais,A,Fácil,O Art. 220 está inserido no contexto de sua respectiva seção.
Art. 221,O Art. 221 da Constituição Federal trata de qual tema?,A) Tema específico do Título | B) Direitos Humanos | C) Ordem Econômica | D) Disposições Finais,A,Fácil,O Art. 221 está inserido no contexto de sua respectiva seção.
Art. 222,O Art. 222 da Constituição Federal trata de qual tema?,A) Tema específico do Título | B) Direitos Humanos | C) Ordem Econômica | D) Disposições Finais,A,Fácil,O Art. 222 está inserido no contexto de sua respectiva seção.
Art. 223,O Art. 223 da Constituição Federal trata de qual tema?,A) Tema específico do Título | B) Direitos Humanos | C) Ordem Econômica | D) Disposições Finais,A,Fácil,O Art. 223 está inserido no contexto de sua respectiva seção.
Art. 224,O Art. 224 da Constituição Federal trata de qual tema?,A) Tema específico do Título | B) Direitos Humanos | C) Ordem Econômica | D) Disposições Finais,A,Fácil,O Art. 224 está inserido no contexto de sua respectiva seção.
Art. 225,"(Banca Simulada) De acordo com o Art. 225 da CF/88, é correto afirmar que:",A) O texto é literal | B) Existe exceção não prevista | C) É norma de eficácia limitada | D) Nenhuma das anteriores,A,Média,A questão exige conhecimento da literalidade do Art. 225.
Art. 225,"(Banca Simulada) Sobre a aplicação do Art. 225, assinale a alternativa INCORRETA:",A) Aplica-se a todos | B) Possui restrições legais | C) É cláusula pétrea | D) Pode ser alterado por lei ordinária,D,Difícil,Artigos fundamentais da CF geralmente exigem quórum de Emenda ou são imutáveis.
Art. 226,O Art. 226 da Constituição Federal trata de qual tema?,A) Tema específico do Título | B) Direitos Humanos | C) Ordem Econômica | D) Disposições Finais,A,Fácil,O Art. 226 está inserido no contexto de sua respectiva seção.
Art. 227,O Art. 227 da Constituição Federal trata de qual tema?,A) Tema específico do Título | B) Direitos Humanos | C) Ordem Econômica | D) Disposições Finais,A,Fácil,O Art. 227 está inserido no contexto de sua respectiva seção.
Art. 228,O Art. 228 da Constituição Federal trata de qual tema?,A) Tema específico do Título | B) Direitos Humanos | C) Ordem Econômica | D) Disposições Finais,A,Fácil,O Art. 228 está inserido no contexto de sua respectiva seção.
Art. 229,O Art. 229 da Constituição Federal trata de qual tema?,A) Tema específico do Título | B) Direitos Humanos | C) Ordem Econômica | D) Disposições Finais,A,Fácil,O Art. 229 está inserido no contexto de sua respectiva seção.
Art. 230,O Art. 230 da Constituição Federal trata de qual tema?,A) Tema específico do Título | B) Direitos Humanos | C) Ordem Econômica | D) Disposições Finais,A,Fácil,O Art. 230 está inserido no contexto de sua respectiva seção.
Art. 231,O Art. 231 da Constituição Federal trata de qual tema?,A) Tema específico do Título | B) Direitos Humanos | C) Ordem Econômica | D) Disposições Finais,A,Fácil,O Art. 231 está inserido no contexto de sua respectiva seção.
Art. 232,O Art. 232 da Constituição Federal trata de qual tema?,A) Tema específico do Título | B) Direitos Humanos | C) Ordem Econômica | D) Disposições Finais,A,Fácil,O Art. 232 está inserido no contexto de sua respectiva seção.
Art. 233,O Art. 233 da Constituição Federal trata de qual tema?,A) Tema específico do Título | B) Direitos Humanos | C) Ordem Econômica | D) Disposições Finais,A,Fácil,O Art. 233 está inserido no contexto de sua respectiva seção.
Art. 234,O Art. 234 da Constituição Federal trata de qual tema?,A) Tema específico do Título | B) Direitos Humanos | C) Ordem Econômica | D) Disposições Finais,A,Fácil,O Art. 234 está inserido no contexto de sua respectiva seção.
Art. 235,O Art. 235 da Constituição Federal trata de qual tema?,A) Tema específico do Título | B) Direitos Humanos | C) Ordem Econômica | D) Disposições Finais,A,Fácil,O Art. 235 está inserido no contexto de sua respectiva seção.
Art. 236,O Art. 236 da Constituição Federal trata de qual tema?,A) Tema específico do Título | B) Direitos Humanos | C) Ordem Econômica | D) Disposições Finais,A,Fácil,O Art. 236 está inserido no contexto de sua respectiva seção.
Art. 237,O Art. 237 da Constituição Federal trata de qual tema?,A) Tema específico do Título | B) Direitos Humanos | C) Ordem Econômica | D) Disposições Finais,A,Fácil,O Art. 237 está inserido no contexto de sua respectiva seção.
Art. 238,O Art. 238 da Constituição Federal trata de qual tema?,A) Tema específico do Título | B) Direitos Humanos | C) Ordem Econômica | D) Disposições Finais,A,Fácil,O Art. 238 está inserido no contexto de sua respectiva seção.
Art. 239,O Art. 239 da Constituição Federal trata de qual tema?,A) Tema específico do Título | B) Direitos Humanos | C) Ordem Econômica | D) Disposições Finais,A,Fácil,O Art. 239 está inserido no contexto de sua respectiva seção.
Art. 240,O Art. 240 da Constituição Federal trata de qual tema?,A) Tema específico do Título | B) Direitos Humanos | C) Ordem Econômica | D) Disposições Finais,A,Fácil,O Art. 240 está inserido no contexto de sua respectiva seção.
Art. 241,O Art. 241 da Constituição Federal trata de qual tema?,A) Tema específico do Título | B) Direitos Humanos | C) Ordem Econômica | D) Disposições Finais,A,Fácil,O Art. 241 está inserido no contexto de sua respectiva seção.
Art. 242,O Art. 242 da Constituição Federal trata de qual tema?,A) Tema específico do Título | B) Direitos Humanos | C) Ordem Econômica | D) Disposições Finais,A,Fácil,O Art. 242 está inserido no contexto de sua respectiva seção.
Art. 243,O Art. 243 da Constituição Federal trata de qual tema?,A) Tema específico do Título | B) Direitos Humanos | C) Ordem Econômica | D) Disposições Finais,A,Fácil,O Art. 243 está inserido no contexto de sua respectiva seção.
Art. 244,O Art. 244 da Constituição Federal trata de qual tema?,A) Tema específico do Título | B) Direitos Humanos | C) Ordem Econômica | D) Disposições Finais,A,Fácil,O Art. 244 está inserido no contexto de sua respectiva seção.
Art. 245,O Art. 245 da Constituição Federal trata de qual tema?,A) Tema específico do Título | B) Direitos Humanos | C) Ordem Econômica | D) Disposições Finais,A,Fácil,O Art. 245 está inserido no contexto de sua respectiva seção.
Art. 246,O Art. 246 da Constituição Federal trata de qual tema?,A) Tema específico do Título | B) Direitos Humanos | C) Ordem Econômica | D) Disposições Finais,A,Fácil,O Art. 246 está inserido no contexto de sua respectiva seção.
Art. 247,O Art. 247 da Constituição Federal trata de qual tema?,A) Tema específico do Título | B) Direitos Humanos | C) Ordem Econômica | D) Disposições Finais,A,Fácil,O Art. 247 está inserido no contexto de sua respectiva seção.
Art. 248,O Art. 248 da Constituição Federal trata de qual tema?,A) Tema específico do Título | B) Direitos Humanos | C) Ordem Econômica | D) Disposições Finais,A,Fácil,O Art. 248 está inserido no contexto de sua respectiva seção.
Art. 249,O Art. 249 da Constituição Federal trata de qual tema?,A) Tema específico do Título | B) Direitos Humanos | C) Ordem Econômica | D) Disposições Finais,A,Fácil,O Art. 249 está inserido no contexto de sua respectiva seção.
Art. 250,O Art. 250 da Constituição Federal trata de qual tema?,A) Tema específico do Título | B) Direitos Humanos | C) Ordem Econômica | D) Disposições Finais,A,Fácil,O Art. 250 está inserido no contexto de sua respectiva seção.
